Workbook
Name MethodPointer1: 1447419168
Name MethodPointer2: 541

Sheet RawData
A2: Software Version | B2: 3.09.07
A4: Experiment File Path: | B4: C:\Users\Public\Documents\Experiments\liel562prot12012026.xpt
A5: Protocol File Path:
A6: Plate Number | B6: Plate 1
A7: Date | B7: 46034
A8: Time | B8: 0.60006944
A9: Reader Type: | B9: Synergy H1
A10: Reader Serial Number: | B10: 2001311A
A11: Reading Type | B11: Reader
A13: Procedure Details
A14: Plate Type | B14: 96 WELL PLATE (Use plate lid)
A15: Eject plate on completion
A16: Read | B16: Absorbance Endpoint
B17: Full Plate
B18: Wavelengths: 562
B19: Read Speed: Normal, Delay: 100 msec, Measurements/Data Point: 8
A21: Results
A22: Actual Temperature: | B22: 24.1
C24: 1 | D24: 2 | E24: 3 | F24: 4 | G24: 5 | H24: 6 | I24: 7 | J24: 8 | K24: 9 | L24: 10 | M24: 11 | N24: 12
B25: A | C25: 0.698 | D25: 0.662 | E25: 0.665 | F25: 0.841 | G25: 0.813 | H25: 0.782 | I25: 0.076 | J25: 0.076 | K25: 0.077 | L25: 1.119 | M25: 1.124 | N25: 1.163 | O25: 562
B26: B | C26: 0.853 | D26: 0.739 | E26: 0.698 | F26: 0.83 | G26: 0.75 | H26: 0.678 | I26: 0.051 | J26: 0.048 | K26: 0.082 | L26: 0.336 | M26: 0.323 | N26: 0.327 | O26: 562
B27: C | C27: 0.855 | D27: 0.744 | E27: 0.749 | F27: 0.78 | G27: 0.836 | H27: 0.693 | I27: 0.056 | J27: 0.05 | K27: 0.048 | L27: 0.2 | M27: 0.202 | N27: 0.201 | O27: 562
B28: D | C28: 0.62 | D28: 0.631 | E28: 0.72 | F28: 0.732 | G28: 0.729 | H28: 0.715 | I28: 0.052 | J28: 0.048 | K28: 0.048 | L28: 0.136 | M28: 0.133 | N28: 0.136 | O28: 562
B29: E | C29: 0.633 | D29: 0.595 | E29: 0.556 | F29: 0.701 | G29: 0.68 | H29: 0.742 | I29: 0.05 | J29: 0.049 | K29: 0.048 | L29: 0.096 | M29: 0.094 | N29: 0.106 | O29: 562
B30: F | C30: 0.816 | D30: 0.766 | E30: 0.812 | F30: 1.22 | G30: 1.005 | H30: 0.903 | I30: 0.05 | J30: 0.049 | K30: 0.048 | L30: 0.082 | M30: 0.087 | N30: 0.088 | O30: 562
B31: G | C31: 0.048 | D31: 0.05 | E31: 0.053 | F31: 0.053 | G31: 0.048 | H31: 0.049 | I31: 0.049 | J31: 0.047 | K31: 0.048 | L31: 0.077 | M31: 0.075 | N31: 0.08 | O31: 562
B32: H | C32: 0.046 | D32: 0.051 | E32: 0.055 | F32: 0.05 | G32: 0.051 | H32: 0.049 | I32: 0.052 | J32: 0.048 | K32: 0.046 | L32: 0.076 | M32: 0.074 | N32: 0.092 | O32: 562

Sheet loadout
A1: vile no | B1: morph | C1: no of planulae
A2: 1 | B2: NF | C2: 10 | F2: prot
A3: 2 | B3: NF | C3: 10 | G3: 1 | H3: 2 | I3: 3 | J3: 4 | K3: 5 | L3: 6 | M3: 7 | N3: 8 | O3: 9 | P3: 10 | Q3: 11 | R3: 12
A4: 3 | B4: NF | C4: 10 | F4: A | G4: 1 | H4: 1 | I4: 1 | J4: 7 | K4: 7 | L4: 7 | M4: BLANK | N4: BLANK | O4: BLANK | P4: A | Q4: A | R4: A
A5: 4 | B5: NF | C5: 10 | F5: B | G5: 2 | H5: 2 | I5: 2 | J5: 8 | K5: 8 | L5: 8 | P5: B | Q5: B | R5: B
A6: 5 | B6: NF | C6: 10 | F6: C | G6: 3 | H6: 3 | I6: 3 | J6: 9 | K6: 9 | L6: 9 | P6: C | Q6: C | R6: C
A7: 6 | B7: NF | C7: 10 | F7: D | G7: 4 | H7: 4 | I7: 4 | J7: 10 | K7: 10 | L7: 10 | P7: D | Q7: D | R7: D
A8: 7 | B8: HF | C8: 10 | F8: E | G8: 5 | H8: 5 | I8: 5 | J8: 11 | K8: 11 | L8: 11 | P8: E | Q8: E | R8: E
A9: 8 | B9: HF | C9: 10 | F9: F | G9: 6 | H9: 6 | I9: 6 | J9: 12 | K9: 12 | L9: 12 | P9: F | Q9: F | R9: F
A10: 9 | B10: HF | C10: 10 | F10: G | P10: G | Q10: G | R10: G
A11: 10 | B11: HF | C11: 10 | F11: H | P11: H | Q11: H | R11: H
A12: 11 | B12: HF | C12: 10
A13: 12 | B13: HF | C13: 14
L18: reagent | M18: ml
L19: A | M19: 5
L20: B | M20: 4.8
L21: C | M21: 0.2

Sheet CaliCurve
A1: no | B1: VileID | C1: conc ug/ml | D1: OD | E1: OD without blank | I1: asvrege blank | J1: =AVERAGE(D26:D28) -> 0.076333333
A2: 1 | B2: a | C2: 200 | D2: 1.119 | E2: =D2-$J$1 -> 1.0426667
A3: 2 | B3: a | C3: 200 | D3: 1.124 | E3: =D3-$J$1 -> 1.0476667
A4: 3 | B4: a | C4: 200 | D4: 1.163 | E4: =D4-$J$1 -> 1.0866667
A5: 4 | B5: b | C5: 40 | D5: 0.336 | E5: =D5-$J$1 -> 0.25966667
A6: 5 | B6: b | C6: 40 | D6: 0.323 | E6: =D6-$J$1 -> 0.24666667
A7: 6 | B7: b | C7: 40 | D7: 0.327 | E7: =D7-$J$1 -> 0.25066667
A8: 7 | B8: c | C8: 20 | D8: 0.2 | E8: =D8-$J$1 -> 0.12366667
A9: 8 | B9: c | C9: 20 | D9: 0.202 | E9: =D9-$J$1 -> 0.12566667
A10: 9 | B10: c | C10: 20 | D10: 0.201 | E10: =D10-$J$1 -> 0.12466667
A11: 10 | B11: d | C11: 10 | D11: 0.136 | E11: =D11-$J$1 -> 0.059666667
A12: 11 | B12: d | C12: 10 | D12: 0.133 | E12: =D12-$J$1 -> 0.056666667
A13: 12 | B13: d | C13: 10 | D13: 0.136 | E13: =D13-$J$1 -> 0.059666667
... A28: 27 | B28: blank | C28: 0 | D28: 0.077 | E28: =D28-$J$1 -> 0.00066666667

Sheet calculates
A1: vile no | B1: morph | C1: no of planulae | D1: OD1 | E1: OD2 | F1: OD3 | G1: average od | H1: average od without Blank | I1: ug/ml (diluted by 4) | J1: ug/ml per tube | K1: ug/ml per larvae | M1: notes
A2: 1 | B2: NF | C2: 10 | D2: 0.698 | E2: 0.662 | F2: 0.665 | G2: =AVERAGE(D2:F2) -> 0.675 | H2: =G2-CaliCurve!$J$1 -> 0.59866667 | I2: =(-0.0068449 + SQRT(0.0068449^2 - 4*(-0.000007514)*(-0.0094273 - H2))) / (2*-0.000007514) -> 99.764958 | J2: =I2*4 -> 399.05983 | K2: =J2/C2 -> 39.905983
A3: 2 | B3: NF | C3: 10 | D3: 0.853 | E3: 0.739 | F3: 0.698 | G3: =AVERAGE(D3:F3) -> 0.76333333 | H3: =G3-CaliCurve!$J$1 -> 0.687 | I3: =(-0.0068449 + SQRT(0.0068449^2 - 4*(-0.000007514)*(-0.0094273 - H3))) / (2*-0.000007514) -> 116.69211 | J3: =I3*4 -> 466.76842 | K3: =J3/C3 -> 46.676842
A4: 3 | B4: NF | C4: 10 | D4: 0.855 | E4: 0.744 | F4: 0.749 | G4: =AVERAGE(D4:F4) -> 0.78266667 | H4: =G4-CaliCurve!$J$1 -> 0.70633333 | I4: =(-0.0068449 + SQRT(0.0068449^2 - 4*(-0.000007514)*(-0.0094273 - H4))) / (2*-0.000007514) -> 120.51099 | J4: =I4*4 -> 482.04397 | K4: =J4/C4 -> 48.204397
A5: 4 | B5: NF | C5: 10 | D5: 0.62 | E5: 0.631 | F5: 0.72 | G5: =AVERAGE(D5:F5) -> 0.657 | H5: =G5-CaliCurve!$J$1 -> 0.58066667 | I5: =(-0.0068449 + SQRT(0.0068449^2 - 4*(-0.000007514)*(-0.0094273 - H5))) / (2*-0.000007514) -> 96.413511 | J5: =I5*4 -> 385.65405 | K5: =J5/C5 -> 38.565405
A6: 5 | B6: NF | C6: 10 | D6: 0.633 | E6: 0.595 | F6: 0.556 | G6: =AVERAGE(D6:F6) -> 0.59466667 | H6: =G6-CaliCurve!$J$1 -> 0.51833333 | I6: =(-0.0068449 + SQRT(0.0068449^2 - 4*(-0.000007514)*(-0.0094273 - H6))) / (2*-0.000007514) -> 85.041813 | J6: =I6*4 -> 340.16725 | K6: =J6/C6 -> 34.016725
A7: 6 | B7: NF | C7: 10 | D7: 0.816 | E7: 0.766 | F7: 0.812 | G7: =AVERAGE(D7:F7) -> 0.798 | H7: =G7-CaliCurve!$J$1 -> 0.72166667 | I7: =(-0.0068449 + SQRT(0.0068449^2 - 4*(-0.000007514)*(-0.0094273 - H7))) / (2*-0.000007514) -> 123.57101 | J7: =I7*4 -> 494.28404 | K7: =J7/C7 -> 49.428404
A8: 7 | B8: HF | C8: 10 | D8: 0.841 | E8: 0.813 | F8: 0.782 | G8: =AVERAGE(D8:F8) -> 0.812 | H8: =G8-CaliCurve!$J$1 -> 0.73566667 | I8: =(-0.0068449 + SQRT(0.0068449^2 - 4*(-0.000007514)*(-0.0094273 - H8))) / (2*-0.000007514) -> 126.38979 | J8: =I8*4 -> 505.55914 | K8: =J8/C8 -> 50.555914
A9: 8 | B9: HF | C9: 10 | D9: 0.83 | E9: 0.75 | F9: 0.678 | G9: =AVERAGE(D9:F9) -> 0.75266667 | H9: =G9-CaliCurve!$J$1 -> 0.67633333 | I9: =(-0.0068449 + SQRT(0.0068449^2 - 4*(-0.000007514)*(-0.0094273 - H9))) / (2*-0.000007514) -> 114.60345 | J9: =I9*4 -> 458.41379 | K9: =J9/C9 -> 45.841379
A10: 9 | B10: HF | C10: 10 | D10: 0.78 | E10: 0.836 | F10: 0.693 | G10: =AVERAGE(D10:F10) -> 0.76966667 | H10: =G10-CaliCurve!$J$1 -> 0.69333333 | I10: =(-0.0068449 + SQRT(0.0068449^2 - 4*(-0.000007514)*(-0.0094273 - H10))) / (2*-0.000007514) -> 117.93836 | J10: =I10*4 -> 471.75345 | K10: =J10/C10 -> 47.175345
A11: 10 | B11: HF | C11: 10 | D11: 0.732 | E11: 0.729 | F11: 0.715 | G11: =AVERAGE(D11:F11) -> 0.72533333 | H11: =G11-CaliCurve!$J$1 -> 0.649 | I11: =(-0.0068449 + SQRT(0.0068449^2 - 4*(-0.000007514)*(-0.0094273 - H11))) / (2*-0.000007514) -> 109.30878 | J11: =I11*4 -> 437.2351 | K11: =J11/C11 -> 43.72351
A12: 11 | B12: HF | C12: 10 | D12: 0.701 | E12: 0.68 | F12: 0.742 | G12: =AVERAGE(D12:F12) -> 0.70766667 | H12: =G12-CaliCurve!$J$1 -> 0.63133333 | I12: =(-0.0068449 + SQRT(0.0068449^2 - 4*(-0.000007514)*(-0.0094273 - H12))) / (2*-0.000007514) -> 105.92928 | J12: =I12*4 -> 423.71711 | K12: =J12/C12 -> 42.371711
A13: 12 | B13: HF | C13: 14 | D13: 1.22 | E13: 1.005 | F13: 0.903 | G13: =AVERAGE(D13:F13) -> 1.0426667 | H13: =G13-CaliCurve!$J$1 -> 0.96633333 | I13: =(-0.0068449 + SQRT(0.0068449^2 - 4*(-0.000007514)*(-0.0094273 - H13))) / (2*-0.000007514) -> 176.90908 | J13: =I13*4 -> 707.63632 | K13: =J13/C13 -> 50.545451 | M13: *
